formation,X,Y,Z,,,,
1,701005.156250000000000,6543000.000000000000000,54.921283721923800,,,,
1,700969.517578125000000,6543078.796875000000000,55.399684906005800,,,,
1,700777.445312500000000,6543503.457031250000000,57.978115081787100,,,,
1,700684.750000000000000,6543708.398437500000000,59.613296508789000,,,,
1,700622.388671875000000,6543846.273437500000000,60.238357543945300,,,,
1,700619.007812500000000,6543853.750000000000000,60.272247314453100,,,,
1,700585.330078125000000,6543928.207031250000000,60.609798431396400,,,,
1,700486.880859375000000,6544145.859375000000000,61.596549987792900,,,,
1,700361.511718750000000,6544423.035156250000000,62.584983825683500,,,,
1,700329.945312500000000,6544492.824218750000000,62.554916381835900,,,,
1,700260.056640625000000,6544647.335937500000000,62.857601165771400,,,,
1,700236.117187500000000,6544700.261718750000000,63.092014312744100,,,,
1,700232.843750000000000,6544707.500000000000000,63.124073028564400,,,,
1,700200.234375000000000,6544779.593750000000000,63.443382263183500,,,,
1,699970.775390625000000,6545286.886718750000000,65.690223693847600,,,,
1,699849.820312500000000,6545554.300781250000000,66.749366760253900,,,,
1,699846.683593750000000,6545561.234375000000000,66.776824951171800,,,,
1,699815.433593750000000,6545630.328125000000000,67.050506591796800,,,,
1,699810.548828125000000,6545641.125000000000000,67.093276977539000,,,,
1,699674.683593750000000,6545941.519531250000000,67.690010070800700,,,,
1,699463.589843750000000,6546408.238281250000000,68.834243774414000,,,,
1,699460.531250000000000,6546415.000000000000000,68.850814819335900,,,,
1,699430.021484375000000,6546482.453125000000000,69.016166687011700,,,,
1,699414.083984375000000,6546517.691406250000000,69.102546691894500,,,,
1,699376.378906250000000,6546601.046875000000000,69.145133972167900,,,,
1,699094.945312500000000,6547223.257812500000000,71.256500244140600,,,,
1,699077.339843750000000,6547262.183593750000000,71.326721191406200,,,,
1,699074.375000000000000,6547268.734375000000000,71.338539123535100,,,,
1,699063.863281250000000,6547291.976562500000000,71.380470275878900,,,,
1,699044.873046875000000,6547333.960937500000000,71.690742492675700,,,,
1,698808.251953125000000,6547857.093750000000000,75.556755065917900,,,,
1,698690.972656250000000,6548116.378906250000000,76.903816223144500,,,,
1,698688.218750000000000,6548122.468750000000000,76.935440063476500,,,,
1,698677.650390625000000,6548145.832031250000000,77.056823730468700,,,,
1,698660.935546875000000,6548182.789062500000000,77.580673217773400,,,,
1,698558.562500000000000,6548409.125000000000000,80.788780212402300,,,,
1,698461.912109375000000,6548622.808593750000000,83.500144958496000,,,,
1,698339.230468750000000,6548894.042968750000000,84.421173095703100,,,,
1,698304.507812500000000,6548970.812500000000000,84.902572631835900,,,,
1,698302.054687500000000,6548976.234375000000000,84.936569213867100,,,,
1,698277.669921875000000,6549030.144531250000000,85.274627685546800,,,,
1,698206.103515625000000,6549188.375000000000000,86.266815185546800,,,,
1,697957.525390625000000,6549737.953125000000000,74.187080383300700,,,,
1,697918.812500000000000,6549823.539062500000000,72.627456665039000,,,,
1,697916.265625000000000,6549829.171875000000000,72.524810791015600,,,,
1,697915.898437500000000,6549829.984375000000000,72.486244201660100,,,,
1,697889.361328125000000,6549890.640625000000000,69.668029785156200,,,,
1,697882.111328125000000,6549907.210937500000000,68.898010253906200,,,,
1,697633.683593750000000,6550475.039062500000000,49.414367675781200,,,,
1,697580.804687500000000,6550595.902343750000000,43.800628662109300,,,,
1,697577.296875000000000,6550603.921875000000000,43.428188323974600,,,,
1,697547.255859375000000,6550672.585937500000000,40.238929748535100,,,,
1,697540.837890625000000,6550687.257812500000000,39.631752014160100,,,,
1,697320.763671875000000,6551190.277343750000000,18.812511444091700,,,,
1,697243.318359375000000,6551367.292968750000000,10.043388366699200,,,,
1,697238.695312500000000,6551377.859375000000000,9.519880294799800,,,,
1,697210.636718750000000,6551441.992187500000000,6.342733383178710,,,,
1,697190.468750000000000,6551488.089843750000000,4.009285926818840,,,,
1,697067.958984375000000,6551768.109375000000000,-10.165111541748000,,,,
1,696913.597656250000000,6552120.929687500000000,-26.567710876464800,,,,
1,696905.955078125000000,6552138.398437500000000,-27.447980880737300,,,,
1,696900.093750000000000,6552151.796875000000000,-28.123197555541900,,,,
1,696838.923828125000000,6552291.609375000000000,-35.169178009033200,,,,
1,696746.933593750000000,6552501.867187500000000,-45.765235900878900,,,,
1,696679.472656250000000,6552656.058593750000000,-53.787631988525300,,,,
1,696568.666015625000000,6552909.328125000000000,-67.279861450195300,,,,
1,696561.488281250000000,6552925.734375000000000,-68.153846740722600,,,,
2,689131.718750000000000,6553095.250000000000000,-295.281494140625000,,,,
2,689327.443359375000000,6552809.816406250000000,-283.309326171875000,,,,
2,689348.050781250000000,6552779.765625000000000,-282.048797607421000,,,,
2,689500.804687500000000,6552557.000000000000000,-273.089996337890000,,,,
2,689575.816406250000000,6552447.613281250000000,-268.280090332031000,,,,
2,689594.710937500000000,6552420.062500000000000,-267.068603515625000,,,,
2,689777.796875000000000,6552153.062500000000000,-255.328430175781000,,,,
2,689778.685546875000000,6552151.765625000000000,-255.271408081054000,,,,
2,689988.591796875000000,6551845.648437500000000,-242.383209228515000,,,,
2,690040.125000000000000,6551770.496093750000000,-239.008132934570000,,,,
2,690057.695312500000000,6551744.875000000000000,-237.857437133789000,,,,
2,690090.591796875000000,6551696.902343750000000,-235.702957153320000,,,,
2,690228.068359375000000,6551496.406250000000000,-227.186706542968000,,,,
2,690331.859375000000000,6551345.042968750000000,-220.757324218750000,,,,
2,690490.302734375000000,6551113.968750000000000,-210.454437255859000,,,,
2,690504.443359375000000,6551093.347656250000000,-209.593368530273000,,,,
2,690520.687500000000000,6551069.656250000000000,-208.604202270507000,,,,
2,690678.332031250000000,6550839.757812500000000,-199.005111694335000,,,,
2,690737.044921875000000,6550754.132812500000000,-195.429992675781000,,,,
2,690968.738281250000000,6550416.246093750000000,-180.649917602539000,,,,
2,690970.458984375000000,6550413.738281250000000,-180.540115356445000,,,,
2,690983.671875000000000,6550394.468750000000000,-179.755386352539000,,,,
2,691128.730468750000000,6550182.925781250000000,-171.140045166015000,,,,
2,691178.154296875000000,6550110.847656250000000,-168.204574584960000,,,,
2,691350.888671875000000,6549858.949218750000000,-157.345077514648000,,,,
2,691432.994140625000000,6549739.210937500000000,-152.598068237304000,,,,
2,691446.664062500000000,6549719.281250000000000,-151.807846069335000,,,,
2,691626.316406250000000,6549511.894531250000000,-142.703475952148000,,,,
2,691725.111328125000000,6549397.847656250000000,-137.696838378906000,,,,
2,691826.560546875000000,6549280.738281250000000,-132.309753417968000,,,,
2,692059.173828125000000,6549012.214843750000000,-120.578056335449000,,,,
2,692075.781250000000000,6548993.046875000000000,-119.740493774414000,,,,
2,692082.429687500000000,6548985.371093750000000,-119.405151367187000,,,,
2,692227.009765625000000,6548818.472656250000000,-112.186828613281000,,,,
2,692236.425781250000000,6548807.601562500000000,-111.737350463867000,,,,
2,692276.744140625000000,6548761.058593750000000,-109.812774658203000,,,,
2,692395.937500000000000,6548623.468750000000000,-104.327278137207000,,,,
2,692690.152343750000000,6548283.839843750000000,-90.117164611816400,,,,
2,692704.890625000000000,6548266.828125000000000,-89.405364990234300,,,,
2,692746.355468750000000,6548211.542968750000000,-87.261924743652300,,,,
2,692814.148437500000000,6548121.152343750000000,-83.947235107421800,,,,
2,692928.730468750000000,6547968.375000000000000,-78.344871520996000,,,,
2,693139.005859375000000,6547688.003906250000000,-68.607086181640600,,,,
2,693173.449218750000000,6547642.082031250000000,-67.077262878417900,,,,
2,693183.585937500000000,6547628.562500000000000,-66.626960754394500,,,,
2,693282.701171875000000,6547496.414062500000000,-62.224643707275300,,,,
2,693396.453125000000000,6547344.746093750000000,-57.172245025634700,,,,
2,693508.574218750000000,6547195.257812500000000,-52.346412658691400,,,,
2,693620.537109375000000,6547045.980468750000000,-47.936389923095700,,,,
2,693653.105468750000000,6547002.554687500000000,-46.637439727783200,,,,
2,693662.289062500000000,6546990.312500000000000,-46.271202087402300,,,,
2,693752.275390625000000,6546870.332031250000000,-42.682178497314400,,,,
2,693843.824218750000000,6546748.269531250000000,-39.030860900878900,,,,
2,694019.103515625000000,6546514.566406250000000,-32.508377075195300,,,,
2,694132.644531250000000,6546363.183593750000000,-28.599987030029200,,,,
2,694140.984375000000000,6546352.062500000000000,-28.312887191772400,,,,
2,694262.375000000000000,6546257.968750000000000,-24.803174972534100,,,,
2,694360.390625000000000,6546181.996093750000000,-21.969284057617100,,,,
2,694624.791015625000000,6545977.054687500000000,-14.793532371520900,,,,
2,694841.707031250000000,6545808.917968750000000,-9.577790260314940,,,,
2,694852.789062500000000,6545800.328125000000000,-9.311326980590820,,,,
2,694961.603515625000000,6545715.984375000000000,-6.694875717163080,,,,
2,695136.740234375000000,6545580.230468750000000,-2.483721494674680,,,,
2,695160.875000000000000,6545561.523437500000000,-1.904664754867550,,,,
2,695214.761718750000000,6545519.753906250000000,-0.761564552783966,,,,
2,695554.638671875000000,6545256.308593750000000,6.700892448425290,,,,
2,695564.589843750000000,6545248.593750000000000,6.919390201568600,,,,
2,695653.757812500000000,6545179.480468750000000,8.877181053161620,,,,
2,695662.482421875000000,6545172.718750000000000,9.034278869628900,,,,
2,695931.744140625000000,6544964.015625000000000,13.882286071777300,,,,
2,696133.849609375000000,6544807.363281250000000,17.787647247314400,,,,
2,696267.373046875000000,6544703.871093750000000,20.039049148559500,,,,
2,696276.398437500000000,6544696.875000000000000,20.191226959228500,,,,
2,696329.951171875000000,6544590.359375000000000,21.317079544067300,,,,
2,696345.394531250000000,6544559.640625000000000,21.641733169555600,,,,
2,696468.998046875000000,6544313.796875000000000,24.209636688232400,,,,
2,696509.019531250000000,6544234.191406250000000,24.900468826293900,,,,
2,696697.921875000000000,6543858.468750000000000,28.825710296630800,,,,
2,696702.964843750000000,6543848.437500000000000,28.930490493774400,,,,
2,696724.054687500000000,6543806.488281250000000,29.368728637695300,,,,
2,696752.947265625000000,6543749.023437500000000,29.899200439453100,,,,
2,696835.515625000000000,6543584.796875000000000,31.415210723876900,,,,
2,696968.748046875000000,6543319.804687500000000,34.316741943359300,,,,
2,697124.839843750000000,6543009.343750000000000,37.100475311279200,,,,
2,697129.539062500000000,6543000.000000000000000,37.184257507324200,,,,
3,672644.863281250000000,6572172.820312500000000,-294.375854492187000,,,,
3,672653.882812500000000,6572185.062500000000000,-294.324249267578000,,,,
3,672706.230468750000000,6572146.494140620000000,-294.594329833984000,,,,
3,672916.632812500000000,6571991.468750000000000,-296.108367919921000,,,,
3,673020.003906250000000,6571915.304687500000000,-296.852203369140000,,,,
3,673231.187500000000000,6571759.705078120000000,-298.311431884765000,,,,
3,673257.593750000000000,6571740.250000000000000,-298.493865966796000,,,,
3,673469.375000000000000,6571584.191406250000000,-299.957336425781000,,,,
3,673522.898437500000000,6571544.750000000000000,-300.463287353515000,,,,
3,673834.574218750000000,6571315.082031250000000,-303.409515380859000,,,,
3,673861.281250000000000,6571295.406250000000000,-303.661926269531000,,,,
3,673871.484375000000000,6571287.888671870000000,-303.758392333984000,,,,
3,674073.000000000000000,6571139.402343750000000,-305.612182617187000,,,,
3,674129.992187500000000,6571097.410156250000000,-306.233154296875000,,,,
3,674437.914062500000000,6570870.523437500000000,-309.588226318359000,,,,
3,674442.871093750000000,6570866.873046870000000,-309.642211914062000,,,,
3,674464.984375000000000,6570850.578125000000000,-309.891693115234000,,,,
3,674828.230468750000000,6570748.478515620000000,-312.945190429687000,,,,
3,674860.472656250000000,6570739.416015620000000,-313.297637939453000,,,,
3,675300.007812500000000,6570615.873046870000000,-318.101806640625000,,,,
3,675339.968750000000000,6570604.640625000000000,-318.538574218750000,,,,
3,675371.796875000000000,6570595.695312500000000,-318.886444091796000,,,,
3,675580.320312500000000,6570537.089843750000000,-321.116516113281000,,,,
3,675743.945312500000000,6570491.103515620000000,-323.228424072265000,,,,
3,675769.769531250000000,6570483.845703120000000,-323.561737060546000,,,,
3,676174.113281250000000,6570370.203125000000000,-328.582458496093000,,,,
3,676214.968750000000000,6570358.718750000000000,-329.089752197265000,,,,
3,676306.003906250000000,6570268.203125000000000,-330.675109863281000,,,,
3,676447.996093750000000,6570127.019531250000000,-333.577636718750000,,,,
3,676597.085937500000000,6569978.779296870000000,-336.625244140625000,,,,
3,676685.359375000000000,6569891.009765620000000,-338.462402343750000,,,,
3,676708.898437500000000,6569867.609375000000000,-338.952270507812000,,,,
3,676946.910156250000000,6569630.976562500000000,-343.905609130859000,,,,
3,676948.960937500000000,6569628.937500000000000,-343.948333740234000,,,,
3,677090.886718750000000,6569487.833984370000000,-346.649932861328000,,,,
3,677178.820312500000000,6569400.414062500000000,-348.507781982421000,,,,
3,677202.843750000000000,6569376.531250000000000,-349.015380859375000,,,,
3,677294.449218750000000,6569285.443359370000000,-350.950958251953000,,,,
3,677445.835937500000000,6569134.916015620000000,-354.252197265625000,,,,
3,677481.421875000000000,6569099.533203120000000,-355.028259277343000,,,,
3,677672.238281250000000,6568909.804687500000000,-359.307617187500000,,,,
3,677696.781250000000000,6568885.406250000000000,-359.858062744140000,,,,
3,677911.296875000000000,6568704.253906250000000,-364.460693359375000,,,,
3,677951.808593750000000,6568670.044921870000000,-365.325225830078000,,,,
3,677958.601562500000000,6568664.306640620000000,-365.460021972656000,,,,
3,678029.894531250000000,6568604.101562500000000,-367.069244384765000,,,,
3,678061.117187500000000,6568577.734375000000000,-367.774871826171000,,,,
3,678381.085937500000000,6568307.527343750000000,-375.005828857421000,,,,
3,678418.031250000000000,6568276.328125000000000,-375.840728759765000,,,,
3,678536.285156250000000,6568176.464843750000000,-378.513122558593000,,,,
3,678578.914062500000000,6568140.464843750000000,-379.544219970703000,,,,
3,678657.656250000000000,6568073.970703120000000,-381.505645751953000,,,,
3,678794.273437500000000,6567958.597656250000000,-384.703521728515000,,,,
3,679101.140625000000000,6567699.453125000000000,-391.886413574218000,,,,
3,679136.718750000000000,6567669.406250000000000,-392.719207763671000,,,,
3,679139.273437500000000,6567667.250000000000000,-392.782104492187000,,,,
4,669899.167968750000000,6572075.517578120000000,-293.704925537109000,,,,
4,669913.949218750000000,6572061.343750000000000,-293.714965820312000,,,,
4,669956.617187500000000,6572020.421875000000000,-293.799896240234000,,,,
4,669845.628906250000000,6572126.863281250000000,-293.668487548828000,,,,
4,669536.156250000000000,6572423.650390620000000,-293.482421875000000,,,,
4,669506.171875000000000,6572452.406250000000000,-293.464385986328000,,,,
4,669398.351562500000000,6572555.808593750000000,-293.399536132812000,,,,
4,669206.320312500000000,6572739.970703120000000,-293.523742675781000,,,,
4,669113.355468750000000,6572829.126953120000000,-293.583831787109000,,,,
4,669007.949218750000000,6572930.216796870000000,-293.649536132812000,,,,
4,668843.214843750000000,6573088.201171870000000,-293.881805419921000,,,,
4,668813.203125000000000,6573116.984375000000000,-293.924102783203000,,,,
4,668762.058593750000000,6573241.019531250000000,-293.882476806640000,,,,
4,668678.332031250000000,6573444.064453120000000,-293.931732177734000,,,,
4,668535.511718750000000,6573790.422851560000000,-294.015808105468000,,,,
4,668533.269531250000000,6573795.866210930000000,-294.017730712890000,,,,
4,668531.367187500000000,6573800.474609370000000,-294.022796630859000,,,,
4,668515.289062500000000,6573839.469726560000000,-294.048767089843000,,,,
4,668501.796875000000000,6573872.187500000000000,-294.070556640625000,,,,
4,668366.820312500000000,6574199.539062500000000,-294.288604736328000,,,,
4,668299.402343750000000,6574363.053710930000000,-294.397491455078000,,,,
4,668203.914062500000000,6574594.639648430000000,-294.718780517578000,,,,
4,668190.406250000000000,6574627.406250000000000,-294.764221191406000,,,,
4,668070.929687500000000,6574917.152343750000000,-295.166229248046000,,,,
4,668055.148437500000000,6574955.422851560000000,-295.202270507812000,,,,
4,668029.710937500000000,6575017.120117180000000,-295.260406494140000,,,,
4,668006.003906250000000,6575074.613281250000000,-295.333007812500000,,,,
4,667892.546875000000000,6575349.756835930000000,-295.879699707031000,,,,
4,667879.000000000000000,6575382.609375000000000,-295.945007324218000,,,,
4,667743.324218750000000,6575711.655273430000000,-296.598785400390000,,,,
4,667695.437500000000000,6575827.790039060000000,-296.829498291015000,,,,
4,667681.628906250000000,6575861.277343750000000,-296.886383056640000,,,,
4,667606.042968750000000,6576044.598632810000000,-297.348754882812000,,,,
4,667581.203125000000000,6576104.840820310000000,-297.496307373046000,,,,
4,667567.609375000000000,6576137.812500000000000,-297.577026367187000,,,,
4,667570.921875000000000,6576181.517578120000000,-297.552185058593000,,,,
4,667595.453125000000000,6576505.349609370000000,-297.317443847656000,,,,
4,667595.914062500000000,6576511.463867180000000,-297.313018798828000,,,,
4,667628.625000000000000,6576943.270507810000000,-297.023376464843000,,,,
4,667631.406250000000000,6576980.000000000000000,-296.998748779296000,,,,
4,667640.976562500000000,6577106.359375000000000,-296.914001464843000,,,,
4,667646.421875000000000,6577178.200195310000000,-296.870880126953000,,,,
4,667647.820312500000000,6577196.661132810000000,-296.869384765625000,,,,
4,667659.210937500000000,6577347.065429680000000,-296.735137939453000,,,,
4,667692.425781250000000,6577785.529296870000000,-296.343780517578000,,,,
4,667695.203125000000000,6577822.203125000000000,-296.311035156250000,,,,
4,667710.062500000000000,6578018.363281250000000,-296.135955810546000,,,,
4,667722.968750000000000,6578188.747070310000000,-296.100646972656000,,,,
4,667728.089843750000000,6578256.332031250000000,-296.086639404296000,,,,
4,667756.226562500000000,6578627.787109370000000,-295.678222656250000,,,,
4,667759.000000000000000,6578664.406250000000000,-295.637969970703000,,,,
4,667626.832031250000000,6578887.178710930000000,-296.728790283203000,,,,
4,667581.421875000000000,6578963.721679680000000,-297.168914794921000,,,,
4,667369.792968750000000,6579320.429687500000000,-299.220001220703000,,,,
4,667351.953125000000000,6579350.500000000000000,-299.392913818359000,,,,
4,667321.289062500000000,6579402.189453120000000,-299.690124511718000,,,,
4,667226.593750000000000,6579561.808593750000000,-300.630676269531000,,,,
4,667172.753906250000000,6579652.558593750000000,-301.244445800781000,,,,
4,667097.933593750000000,6579778.674804680000000,-302.097442626953000,,,,
4,666962.910156250000000,6580006.264648430000000,-303.551483154296000,,,,
4,666944.898437500000000,6580036.625000000000000,-303.745483398437000,,,,
4,666883.292968750000000,6580140.463867180000000,-304.408905029296000,,,,
4,666763.875000000000000,6580341.755859370000000,-305.833740234375000,,,,
4,666706.691406250000000,6580438.145507810000000,-306.516052246093000,,,,
4,666556.046875000000000,6580692.071289060000000,-308.312408447265000,,,,
4,666537.843750000000000,6580722.750000000000000,-308.529479980468000,,,,
4,666532.308593750000000,6580732.082031250000000,-308.595489501953000,,,,
4,666370.332031250000000,6581005.108398430000000,-310.837310791015000,,,,
4,666354.757812500000000,6581031.359375000000000,-311.042602539062000,,,,
4,666156.449218750000000,6581365.625000000000000,-313.656921386718000,,,,
4,666149.214843750000000,6581377.815429680000000,-313.761047363281000,,,,
4,666130.796875000000000,6581408.859375000000000,-314.026214599609000,,,,
4,666102.660156250000000,6581436.815429680000000,-314.401519775390000,,,,
4,666071.511718750000000,6581467.764648430000000,-314.817047119140000,,,,
4,666068.695312500000000,6581470.562500000000000,-314.854644775390000,,,,
4,665928.812500000000000,6581552.473632810000000,-316.633483886718000,,,,
4,665824.742187500000000,6581613.413085930000000,-317.953948974609000,,,,
4,665750.585937500000000,6581656.836914060000000,-318.894866943359000,,,,
4,665558.921875000000000,6581769.074218750000000,-321.424072265625000,,,,
4,665557.335937500000000,6581770.001953120000000,-321.444976806640000,,,,
4,665534.343750000000000,6581783.468750000000000,-321.739501953125000,,,,
4,665370.324218750000000,6581879.514160150000000,-323.840637207031000,,,,
4,665286.714843750000000,6581928.474609370000000,-325.013336181640000,,,,
4,665024.957031250000000,6582081.758300780000000,-328.684783935546000,,,,
4,664999.992187500000000,6582096.375000000000000,-329.034912109375000,,,,
4,676751.507812500000000,6566487.183593750000000,-353.865692138671000,,,,
4,676760.742187500000000,6566501.750000000000000,-353.972534179687000,,,,
4,676633.371093750000000,6566582.498046870000000,-352.085906982421000,,,,
4,676384.097656250000000,6566740.531250000000000,-348.672424316406000,,,,
4,676310.531250000000000,6566787.169921870000000,-347.665039062500000,,,,
4,676023.828125000000000,6566968.935546870000000,-343.346099853515000,,,,
4,676020.468750000000000,6566971.064453120000000,-343.295501708984000,,,,
4,675986.562500000000000,6566992.562500000000000,-342.831481933593000,,,,
4,675684.335937500000000,6567184.166015620000000,-338.695159912109000,,,,
4,675618.101562500000000,6567226.158203120000000,-337.842437744140000,,,,
4,675457.632812500000000,6567327.892578120000000,-335.776519775390000,,,,
4,675248.898437500000000,6567460.228515620000000,-333.318542480468000,,,,
4,675212.390625000000000,6567483.375000000000000,-332.888641357421000,,,,
4,675104.222656250000000,6567551.947265620000000,-331.614898681640000,,,,
4,674850.996093750000000,6567712.478515620000000,-328.475769042968000,,,,
4,674774.226562500000000,6567761.146484370000000,-327.524108886718000,,,,
4,674640.941406250000000,6567845.642578120000000,-325.914855957031000,,,,
4,674474.019531250000000,6567951.464843750000000,-324.160247802734000,,,,
4,674438.203125000000000,6567974.171875000000000,-323.783752441406000,,,,
4,674086.839843750000000,6568196.933593750000000,-320.090393066406000,,,,
4,674083.175781250000000,6568199.255859370000000,-320.050201416015000,,,,
4,674038.757812500000000,6568227.417968750000000,-319.563232421875000,,,,
4,673699.250000000000000,6568442.666015620000000,-316.376281738281000,,,,
4,673664.023437500000000,6568465.000000000000000,-316.045593261718000,,,,
4,673543.148437500000000,6568580.916015620000000,-314.760772705078000,,,,
4,673351.175781250000000,6568765.017578120000000,-312.743347167968000,,,,
4,673269.570312500000000,6568843.277343750000000,-311.885772705078000,,,,
4,673002.121093750000000,6569099.761718750000000,-309.587127685546000,,,,
4,672971.046875000000000,6569129.562500000000000,-309.320068359375000,,,,
4,672970.628906250000000,6569129.962890620000000,-309.316467285156000,,,,
4,672759.601562500000000,6569332.339843750000000,-307.350738525390000,,,,
4,672662.347656250000000,6569425.605468750000000,-306.613189697265000,,,,
4,672311.687500000000000,6569761.890625000000000,-303.953796386718000,,,,
4,672308.769531250000000,6569764.691406250000000,-303.929107666015000,,,,
4,672278.078125000000000,6569794.125000000000000,-303.669433593750000,,,,
4,672210.796875000000000,6569858.650390620000000,-303.100219726562000,,,,
4,672088.761718750000000,6569975.681640620000000,-302.276214599609000,,,,
4,671972.792968750000000,6570086.894531250000000,-301.552062988281000,,,,
4,671731.347656250000000,6570318.441406250000000,-300.044372558593000,,,,
4,671615.476562500000000,6570429.562500000000000,-299.393615722656000,,,,
4,671585.093750000000000,6570458.703125000000000,-299.222961425781000,,,,
4,671435.265625000000000,6570602.388671870000000,-298.381500244140000,,,,
4,671282.441406250000000,6570748.947265620000000,-297.668426513671000,,,,
4,671229.082031250000000,6570800.121093750000000,-297.419433593750000,,,,
4,670922.300781250000000,6571094.324218750000000,-296.319519042968000,,,,
4,670892.125000000000000,6571123.265625000000000,-296.211334228515000,,,,
4,670796.386718750000000,6571215.080078120000000,-295.868041992187000,,,,
4,670660.058593750000000,6571345.818359370000000,-295.298187255859000,,,,
4,670599.867187500000000,6571403.541015620000000,-295.089202880859000,,,,
4,670591.218750000000000,6571411.833984370000000,-295.071868896484000,,,,
4,670229.183593750000000,6571759.031250000000000,-294.346221923828000,,,,
4,670199.140625000000000,6571787.843750000000000,-294.285980224609000,,,,
5,665308.730468750000000,6588989.258605950000000,-335.233215332031000,,,,
5,665351.640625000000000,6588958.347167960000000,-334.536407470703000,,,,
5,664999.984375000000000,6589211.671875000000000,-339.814605712890000,,,,
5,665696.699218750000000,6588709.762084960000000,-328.932861328125000,,,,
5,665709.125000000000000,6588700.810913080000000,-328.729370117187000,,,,
5,665743.867187500000000,6588675.781250000000000,-328.160400390625000,,,,
6,665131.175781250000000,6580074.349609370000000,-322.543914794921000,,,,
6,665215.035156250000000,6579972.526367180000000,-321.433868408203000,,,,
6,664999.984375000000000,6580233.625000000000000,-324.463531494140000,,,,
6,665314.246093750000000,6579852.063476560000000,-320.120666503906000,,,,
6,665446.175781250000000,6579691.871093750000000,-318.234375000000000,,,,
6,665467.531250000000000,6579665.937500000000000,-317.929046630859000,,,,
6,665677.785156250000000,6579455.681640620000000,-315.538208007812000,,,,
6,665747.546875000000000,6579385.923828120000000,-314.726135253906000,,,,
6,665495.203125000000000,6579638.265625000000000,-317.553192138671000,,,,
6,665889.972656250000000,6579243.496093750000000,-313.068054199218000,,,,
6,666057.335937500000000,6579076.136718750000000,-311.308319091796000,,,,
6,666085.132812500000000,6579048.343750000000000,-311.016052246093000,,,,
6,666254.347656250000000,6578879.125000000000000,-309.269104003906000,,,,
6,666361.207031250000000,6578772.262695310000000,-308.186035156250000,,,,
6,666190.593750000000000,6578942.878906250000000,-309.903503417968000,,,,
6,666163.410156250000000,6578970.065429680000000,-310.192993164062000,,,,
6,666547.089843750000000,6578586.377929680000000,-306.302093505859000,,,,
6,666625.933593750000000,6578507.531250000000000,-305.531646728515000,,,,
6,666675.312500000000000,6578458.152343750000000,-305.074310302734000,,,,
6,666702.734375000000000,6578430.734375000000000,-304.820343017578000,,,,
7,688001.242187500000000,6544940.414062500000000,-131.349639892578000,,,,
7,676220.828125000000000,6557012.046875000000000,-320.917633056640000,,,,
7,676488.933593750000000,6556842.011718750000000,-321.402282714843000,,,,
7,676526.175781250000000,6556818.390625000000000,-321.482208251953000,,,,
7,676833.671875000000000,6556623.367187500000000,-322.142059326171000,,,,
7,676854.070312500000000,6556610.429687500000000,-322.161254882812000,,,,
7,676884.648437500000000,6556591.031250000000000,-322.190002441406000,,,,
7,677190.632812500000000,6556396.964843750000000,-322.477813720703000,,,,
7,677402.457031250000000,6556262.621093750000000,-322.677093505859000,,,,
7,677517.832031250000000,6556189.449218750000000,-322.864013671875000,,,,
7,677548.453125000000000,6556170.031250000000000,-322.913635253906000,,,,
7,677574.417968750000000,6556153.562500000000000,-322.955688476562000,,,,
7,677854.875000000000000,6555975.691406250000000,-323.147003173828000,,,,
7,678154.039062500000000,6555785.949218750000000,-323.351013183593000,,,,
7,678159.988281250000000,6555782.175781250000000,-323.358947753906000,,,,
7,678181.609375000000000,6555768.464843750000000,-323.373260498046000,,,,
7,678212.265625000000000,6555749.015625000000000,-323.393493652343000,,,,
7,678518.980468750000000,6555554.492187500000000,-323.596313476562000,,,,
7,678768.390625000000000,6555396.308593750000000,-323.761199951171000,,,,
7,678845.402343750000000,6555347.464843750000000,-323.835449218750000,,,,
7,678876.085937500000000,6555328.000000000000000,-323.865020751953000,,,,
7,678965.398437500000000,6555213.847656250000000,-323.632690429687000,,,,
7,679128.500000000000000,6555005.378906250000000,-322.784942626953000,,,,
7,679144.691406250000000,6554984.687500000000000,-322.699127197265000,,,,
7,679431.753906250000000,6554617.781250000000000,-321.178070068359000,,,,
7,679458.531250000000000,6554583.562500000000000,-321.036224365234000,,,,
7,679642.183593750000000,6554348.828125000000000,-320.063079833984000,,,,
7,679725.265625000000000,6554242.636718750000000,-319.399444580078000,,,,
7,679862.851562500000000,6554066.781250000000000,-318.300476074218000,,,,
7,680014.437500000000000,6553873.039062500000000,-317.175628662109000,,,,
7,680040.984375000000000,6553839.109375000000000,-316.978668212890000,,,,
7,680171.261718750000000,6553672.597656250000000,-316.011932373046000,,,,
7,680305.027343750000000,6553501.621093750000000,-314.675048828125000,,,,
7,680587.500000000000000,6553140.593750000000000,-311.852081298828000,,,,
7,680597.187500000000000,6553128.207031250000000,-311.766693115234000,,,,
7,680623.429687500000000,6553094.671875000000000,-311.535522460937000,,,,
7,680676.058593750000000,6553016.484375000000000,-310.994750976562000,,,,
7,680755.480468750000000,6552898.492187500000000,-310.010681152343000,,,,
7,680838.843750000000000,6552774.636718750000000,-308.855712890625000,,,,
7,681083.242187500000000,6552411.546875000000000,-305.469757080078000,,,,
7,681104.625000000000000,6552379.781250000000000,-305.173522949218000,,,,
7,681170.000000000000000,6552282.660156250000000,-304.267822265625000,,,,
7,681316.753906250000000,6552064.640625000000000,-301.853790283203000,,,,
7,681473.488281250000000,6551831.789062500000000,-299.275543212890000,,,,
7,681564.804687500000000,6551696.128906250000000,-297.710693359375000,,,,
7,681585.820312500000000,6551664.906250000000000,-297.350524902343000,,,,
7,681617.023437500000000,6551618.546875000000000,-296.815765380859000,,,,
7,681793.964843750000000,6551355.664062500000000,-293.370452880859000,,,,
7,681855.105468750000000,6551264.828125000000000,-292.179962158203000,,,,
7,682038.644531250000000,6550992.148437500000000,-288.887115478515000,,,,
7,682046.421875000000000,6550980.597656250000000,-288.729095458984000,,,,
7,682067.015625000000000,6550950.000000000000000,-288.310455322265000,,,,
7,682150.621093750000000,6550825.796875000000000,-286.611083984375000,,,,
7,682270.800781250000000,6550647.261718750000000,-284.078735351562000,,,,
7,682451.359375000000000,6550379.023437500000000,-280.273986816406000,,,,
7,682528.097656250000000,6550265.019531250000000,-278.440155029296000,,,,
7,682548.210937500000000,6550235.140625000000000,-277.959503173828000,,,,
7,682746.890625000000000,6549939.968750000000000,-273.211395263671000,,,,
7,682897.316406250000000,6549716.492187500000000,-269.616607666015000,,,,
7,682911.746093750000000,6549695.050781250000000,-269.264404296875000,,,,
7,682922.101562500000000,6549679.667968750000000,-268.974426269531000,,,,
7,683009.843750000000000,6549549.312500000000000,-266.716827392578000,,,,
7,683029.406250000000000,6549520.250000000000000,-266.213531494140000,,,,
7,683222.468750000000000,6549233.429687500000000,-261.246063232421000,,,,
7,683434.933593750000000,6548917.789062500000000,-255.779525756835000,,,,
7,683491.632812500000000,6548833.554687500000000,-254.062728881835000,,,,
7,683510.601562500000000,6548805.375000000000000,-253.488418579101000,,,,
7,683573.511718750000000,6548711.914062500000000,-251.583618164062000,,,,
7,683697.449218750000000,6548527.781250000000000,-248.004241943359000,,,,
7,683973.488281250000000,6548117.683593750000000,-240.032196044921000,,,,
7,683991.796875000000000,6548090.484375000000000,-239.503433227539000,,,,
7,684046.972656250000000,6548049.097656250000000,-238.408111572265000,,,,
7,684214.800781250000000,6547923.210937500000000,-234.685501098632000,,,,
7,684231.199218750000000,6547910.910156250000000,-234.306243896484000,,,,
7,684606.921875000000000,6547629.085937500000000,-225.617050170898000,,,,
7,684630.320312500000000,6547611.531250000000000,-225.075881958007000,,,,
7,684781.093750000000000,6547498.433593750000000,-221.588958740234000,,,,
7,684793.105468750000000,6547489.425781250000000,-221.305953979492000,,,,
7,684814.894531250000000,6547473.078125000000000,-220.760360717773000,,,,
7,684860.597656250000000,6547438.800781250000000,-219.653060913085000,,,,
7,685246.398437500000000,6547149.402343750000000,-210.305160522460000,,,,
7,685268.843750000000000,6547132.562500000000000,-209.761291503906000,,,,
7,685316.125000000000000,6547097.097656250000000,-208.615753173828000,,,,
7,685489.406250000000000,6546967.121093750000000,-204.060195922851000,,,,
7,685849.226562500000000,6546697.222656250000000,-194.600570678710000,,,,
7,685882.320312500000000,6546672.398437500000000,-193.741470336914000,,,,
7,685885.960937500000000,6546669.667968750000000,-193.640365600585000,,,,
7,685903.847656250000000,6546656.250000000000000,-193.143630981445000,,,,
7,685907.367187500000000,6546653.609375000000000,-193.048583984375000,,,,
7,686138.671875000000000,6546464.359375000000000,-186.578247070312000,,,,
7,686467.812500000000000,6546195.066406250000000,-177.371124267578000,,,,
7,686589.523437500000000,6546095.484375000000000,-173.732604980468000,,,,
7,686611.773437500000000,6546077.281250000000000,-173.067520141601000,,,,
7,686760.511718750000000,6545955.582031250000000,-168.621017456054000,,,,
7,686829.351562500000000,6545899.253906250000000,-166.611145019531000,,,,
7,687165.421875000000000,6545624.281250000000000,-156.799636840820000,,,,
7,687295.359375000000000,6545517.964843750000000,-152.827789306640000,,,,
7,687316.171875000000000,6545500.937500000000000,-152.191665649414000,,,,
7,687519.572265625000000,6545334.515625000000000,-145.974319458007000,,,,
7,687575.080078125000000,6545289.097656250000000,-144.277633666992000,,,,
7,687737.794921875000000,6545155.964843750000000,-139.402450561523000,,,,
7,688020.578125000000000,6544924.593750000000000,-130.758636474609000,,,,
7,688094.726562500000000,6544885.609375000000000,-128.807586669921000,,,,
7,688222.207031250000000,6544818.582031250000000,-125.460266113281000,,,,
7,688242.863281250000000,6544807.722656250000000,-124.917869567871000,,,,
7,688410.039062500000000,6544719.828125000000000,-120.538467407226000,,,,
7,688722.703125000000000,6544555.437500000000000,-112.393318176269000,,,,
7,688751.693359375000000,6544540.195312500000000,-111.648170471191000,,,,
7,688770.843750000000000,6544530.125000000000000,-111.155921936035000,,,,
7,688907.210937500000000,6544458.429687500000000,-107.650825500488000,,,,
7,688958.470703125000000,6544431.480468750000000,-106.328384399414000,,,,
7,689222.103515625000000,6544292.878906250000000,-99.526916503906200,,,,
7,689503.373046875000000,6544145.000000000000000,-92.433189392089800,,,,
7,689521.117187500000000,6544135.671875000000000,-91.985656738281200,,,,
7,689580.710937500000000,6544104.335937500000000,-90.482635498046800,,,,
7,689695.019531250000000,6544044.234375000000000,-87.582473754882800,,,,
7,689816.794921875000000,6543980.207031250000000,-84.492919921875000,,,,
7,690241.378906250000000,6543756.964843750000000,-74.026550292968700,,,,
7,690255.009765625000000,6543749.796875000000000,-73.692794799804600,,,,
7,690271.382812500000000,6543741.187500000000000,-73.291915893554600,,,,
7,690351.242187500000000,6543661.324218750000000,-70.871269226074200,,,,
7,690428.728515625000000,6543583.839843750000000,-68.522552490234300,,,,
7,690634.304687500000000,6543378.257812500000000,-62.411018371582000,,,,
7,690641.984375000000000,6543370.578125000000000,-62.182727813720700,,,,
7,690717.884765625000000,6543294.679687500000000,-59.926353454589800,,,,
7,690806.861328125000000,6543205.707031250000000,-57.281246185302700,,,,
7,690917.542968750000000,6543095.031250000000000,-53.987335205078100,,,,
7,691005.294921875000000,6543007.281250000000000,-51.436389923095700,,,,
7,691012.578125000000000,6543000.000000000000000,-51.224681854248000,,,,
8,676833.828125000000000,6547448.664062500000000,-315.219421386718000,,,,
8,676719.351562500000000,6547529.402343750000000,-316.002410888671000,,,,
8,676689.210937500000000,6547550.656250000000000,-316.208557128906000,,,,
8,676984.269531250000000,6547342.558593750000000,-313.850341796875000,,,,
8,677052.562500000000000,6547294.390625000000000,-313.207336425781000,,,,
8,677352.156250000000000,6547083.093750000000000,-310.386505126953000,,,,
8,676386.332031250000000,6547764.277343750000000,-318.280090332031000,,,,
8,676089.910156250000000,6547973.343750000000000,-320.307525634765000,,,,
8,676056.691406250000000,6547996.773437500000000,-320.538543701171000,,,,
8,676053.238281250000000,6547999.207031250000000,-320.562530517578000,,,,
8,676026.257812500000000,6548018.234375000000000,-320.680694580078000,,,,
8,675987.527343750000000,6548068.167968750000000,-320.816711425781000,,,,
8,675792.394531250000000,6548319.769531250000000,-321.483581542968000,,,,
8,675541.273437500000000,6548643.558593750000000,-322.341766357421000,,,,
8,675517.843750000000000,6548673.765625000000000,-322.421813964843000,,,,
8,675467.117187500000000,6548739.167968750000000,-322.595153808593000,,,,
8,675298.527343750000000,6548956.542968750000000,-322.735870361328000,,,,
8,675283.351562500000000,6548976.113281250000000,-322.755981445312000,,,,
8,675032.894531250000000,6549299.039062500000000,-323.087554931640000,,,,
8,675009.429687500000000,6549329.296875000000000,-323.118621826171000,,,,
8,674993.347656250000000,6549356.515625000000000,-323.126647949218000,,,,
8,674816.164062500000000,6549656.378906250000000,-322.814575195312000,,,,
8,674777.390625000000000,6549722.003906250000000,-322.746307373046000,,,,
8,674609.773437500000000,6550005.675781250000000,-322.529205322265000,,,,
8,674590.460937500000000,6550038.359375000000000,-322.504211425781000,,,,
8,674496.664062500000000,6550197.089843750000000,-322.382751464843000,,,,
8,674401.996093750000000,6550357.300781250000000,-322.086791992187000,,,,
8,674397.492187500000000,6550364.921875000000000,-322.073577880859000,,,,
8,674242.929687500000000,6550626.480468750000000,-321.620147705078000,,,,
8,674190.742187500000000,6550714.792968750000000,-321.473907470703000,,,,
8,674171.468750000000000,6550747.406250000000000,-321.419891357421000,,,,
8,674126.234375000000000,6550823.960937500000000,-321.293090820312000,,,,
8,673979.062500000000000,6551073.039062500000000,-320.719848632812000,,,,
8,673844.257812500000000,6551301.175781250000000,-320.194824218750000,,,,
8,673829.617187500000000,6551325.960937500000000,-320.151824951171000,,,,
8,673771.707031250000000,6551423.964843750000000,-319.898193359375000,,,,
8,673752.500000000000000,6551456.468750000000000,-319.814086914062000,,,,
8,673676.519531250000000,6551828.726562500000000,-318.770202636718000,,,,
8,673660.855468750000000,6551905.468750000000000,-318.554992675781000,,,,
8,673594.289062500000000,6552231.621093750000000,-317.831115722656000,,,,
8,673593.949218750000000,6552233.285156250000000,-317.826690673828000,,,,
8,673586.367187500000000,6552270.437500000000000,-317.727752685546000,,,,
8,673552.140625000000000,6552438.125000000000000,-317.281280517578000,,,,
8,673510.699218750000000,6552641.167968750000000,-316.856323242187000,,,,
8,673438.574218750000000,6552994.539062500000000,-316.116699218750000,,,,
8,673427.785156250000000,6553047.382812500000000,-315.992858886718000,,,,
8,673422.539062500000000,6553073.089843750000000,-315.932617187500000,,,,
8,673420.234375000000000,6553084.390625000000000,-315.912292480468000,,,,
8,673344.824218750000000,6553453.855468750000000,-315.247314453125000,,,,
8,673301.566406250000000,6553665.808593750000000,-314.865844726562000,,,,
8,673277.878906250000000,6553781.878906250000000,-314.676055908203000,,,,
8,673261.628906250000000,6553861.484375000000000,-314.553558349609000,,,,
8,673254.101562500000000,6553898.375000000000000,-314.496765136718000,,,,
8,673053.753906250000000,6554228.972656250000000,-313.898803710937000,,,,
8,673036.671875000000000,6554257.156250000000000,-313.857574462890000,,,,
8,672946.019531250000000,6554406.742187500000000,-313.638671875000000,,,,
8,672795.351562500000000,6554655.359375000000000,-313.175384521484000,,,,
8,672773.640625000000000,6554691.187500000000000,-313.108642578125000,,,,
8,672638.265625000000000,6554914.582031250000000,-312.692352294921000,,,,
8,672556.859375000000000,6555048.914062500000000,-312.475067138671000,,,,
8,672375.082031250000000,6555348.875000000000000,-311.989837646484000,,,,
8,672314.828125000000000,6555448.308593750000000,-311.809265136718000,,,,
8,672293.179687500000000,6555484.031250000000000,-311.744415283203000,,,,
8,672229.953125000000000,6555588.367187500000000,-311.554962158203000,,,,
8,672077.019531250000000,6555840.742187500000000,-311.160034179687000,,,,
8,671906.835937500000000,6556121.578125000000000,-310.720581054687000,,,,
8,671837.257812500000000,6556236.394531250000000,-310.527374267578000,,,,
8,671834.312500000000000,6556241.253906250000000,-310.520324707031000,,,,
8,671812.726562500000000,6556276.875000000000000,-310.468841552734000,,,,
8,671597.128906250000000,6556632.644531250000000,-309.954345703125000,,,,
8,671498.593750000000000,6556795.234375000000000,-309.719238281250000,,,,
8,671393.363281250000000,6556968.878906250000000,-309.445465087890000,,,,
8,671353.796875000000000,6557034.171875000000000,-309.354553222656000,,,,
8,671332.265625000000000,6557069.703125000000000,-309.305053710937000,,,,
8,671159.117187500000000,6557387.152343750000000,-308.891479492187000,,,,
8,671101.578125000000000,6557492.644531250000000,-308.754058837890000,,,,
8,670981.417968750000000,6557712.941406250000000,-308.455596923828000,,,,
8,670962.812500000000000,6557747.058593750000000,-308.406463623046000,,,,
8,670945.515625000000000,6557778.765625000000000,-308.360809326171000,,,,
8,670846.250000000000000,6557960.746093750000000,-308.098724365234000,,,,
8,670772.726562500000000,6558095.537109370000000,-307.922943115234000,,,,
8,670667.546875000000000,6558288.367187500000000,-307.671447753906000,,,,
8,670576.015625000000000,6558456.169921870000000,-307.452697753906000,,,,
8,670558.757812500000000,6558487.812500000000000,-307.411437988281000,,,,
8,670509.921875000000000,6558577.345703120000000,-307.294708251953000,,,,
8,670397.992187500000000,6558782.558593750000000,-307.052215576171000,,,,
8,670386.312500000000000,6558803.970703120000000,-307.024383544921000,,,,
8,670189.234375000000000,6559165.294921870000000,-306.554565429687000,,,,
8,670172.007812500000000,6559196.875000000000000,-306.513519287109000,,,,
8,670080.871093750000000,6559379.123046870000000,-306.291015625000000,,,,
8,670053.761718750000000,6559433.333984370000000,-306.228118896484000,,,,
8,670028.144531250000000,6559484.562500000000000,-306.160766601562000,,,,
8,670019.886718750000000,6559501.076171870000000,-306.139068603515000,,,,
8,669863.117187500000000,6559814.568359370000000,-305.772766113281000,,,,
8,669848.742187500000000,6559843.312500000000000,-305.739166259765000,,,,
8,669759.363281250000000,6560022.050781250000000,-305.530334472656000,,,,
8,669705.117187500000000,6560130.529296870000000,-305.402069091796000,,,,
8,669539.828125000000000,6560461.070312500000000,-305.011291503906000,,,,
8,669525.476562500000000,6560489.765625000000000,-304.977355957031000,,,,
8,669491.234375000000000,6560558.244140620000000,-304.899902343750000,,,,
8,669382.085937500000000,6560776.517578120000000,-304.665161132812000,,,,
8,669505.265625000000000,6560530.183593750000000,-304.932556152343000,,,,
8,669523.843750000000000,6560493.031250000000000,-304.973510742187000,,,,
8,669228.664062500000000,6561083.320312500000000,-304.335144042968000,,,,
8,669216.539062500000000,6561107.568359370000000,-304.305908203125000,,,,
8,669202.210937500000000,6561136.218750000000000,-304.271362304687000,,,,
8,679808.875000000000000,6543225.660156250000000,-267.834686279296000,,,,
8,679586.019531250000000,6543515.105468750000000,-272.695129394531000,,,,
8,679982.617187500000000,6543000.000000000000000,-264.045318603515000,,,,
8,679573.984375000000000,6543530.738281250000000,-272.911529541015000,,,,
8,679556.398437500000000,6543553.578125000000000,-273.227752685546000,,,,
8,679446.964843750000000,6543695.714843750000000,-275.195465087890000,,,,
8,679379.027343750000000,6543783.953125000000000,-276.562377929687000,,,,
8,679211.933593750000000,6544000.984375000000000,-279.924407958984000,,,,
8,679148.117187500000000,6544083.871093750000000,-281.110778808593000,,,,
8,679130.187500000000000,6544107.156250000000000,-281.444061279296000,,,,
8,679054.894531250000000,6544276.527343750000000,-283.041534423828000,,,,
8,678972.468750000000000,6544461.933593750000000,-284.923706054687000,,,,
8,678967.558593750000000,6544472.980468750000000,-285.035858154296000,,,,
8,678828.136718750000000,6544786.617187500000000,-287.884246826171000,,,,
8,678774.414062500000000,6544907.464843750000000,-289.041320800781000,,,,
8,678758.492187500000000,6544943.281250000000000,-289.384216308593000,,,,
8,678644.835937500000000,6545198.933593750000000,-291.832061767578000,,,,
8,678597.941406250000000,6545304.414062500000000,-292.733245849609000,,,,
8,678585.207031250000000,6545333.054687500000000,-292.977905273437000,,,,
8,678402.976562500000000,6545742.953125000000000,-296.464538574218000,,,,
8,678386.789062500000000,6545779.375000000000000,-296.774322509765000,,,,
8,678378.703125000000000,6545797.566406250000000,-296.929046630859000,,,,
8,678334.281250000000000,6545897.496093750000000,-297.778930664062000,,,,
8,678223.753906250000000,6546146.132812500000000,-299.599609375000000,,,,
8,678344.175781250000000,6545875.238281250000000,-297.592590332031000,,,,
8,678104.730468750000000,6546413.886718750000000,-301.560241699218000,,,,
8,678031.515625000000000,6546578.585937500000000,-302.682983398437000,,,,
8,678023.339843750000000,6546596.976562500000000,-302.808349609375000,,,,
8,678015.101562500000000,6546615.515625000000000,-302.924896240234000,,,,
8,677719.886718750000000,6546823.734375000000000,-306.439941406250000,,,,
8,677678.027343750000000,6546853.257812500000000,-306.938323974609000,,,,
8,677410.101562500000000,6547042.226562500000000,-309.840911865234000,,,,
8,677381.914062500000000,6547062.109375000000000,-310.106323242187000,,,,
9,672862.851562500000000,6546356.175781250000000,-336.803985595703000,,,,
9,673038.628906250000000,6546180.394531250000000,-336.687133789062000,,,,
9,672766.109375000000000,6546452.921875000000000,-336.757995605468000,,,,
9,673340.062500000000000,6545878.968750000000000,-336.338439941406000,,,,
9,673603.171875000000000,6545692.101562500000000,-335.901702880859000,,,,
9,673312.828125000000000,6545906.199218750000000,-336.377777099609000,,,,
9,673149.761718750000000,6546069.265625000000000,-336.613250732421000,,,,
9,673672.742187500000000,6545642.691406250000000,-335.786224365234000,,,,
9,673711.871093750000000,6545614.898437500000000,-335.690277099609000,,,,
9,673759.332031250000000,6545581.191406250000000,-335.484985351562000,,,,
9,673868.832031250000000,6545503.421875000000000,-334.971649169921000,,,,
9,673895.093750000000000,6545484.765625000000000,-334.848541259765000,,,,
9,674156.968750000000000,6545298.773437500000000,-333.620849609375000,,,,
9,674317.152343750000000,6545185.007812500000000,-332.869903564453000,,,,
9,674424.011718750000000,6545109.113281250000000,-332.223571777343000,,,,
9,674450.125000000000000,6545090.562500000000000,-332.065612792968000,,,,
9,674710.304687500000000,6544905.765625000000000,-330.491882324218000,,,,
9,674820.015625000000000,6544827.843750000000000,-329.828277587890000,,,,
9,674896.496093750000000,6544773.523437500000000,-329.331726074218000,,,,
9,674947.105468750000000,6544737.574218750000000,-328.886993408203000,,,,
9,674979.234375000000000,6544714.753906250000000,-328.630859375000000,,,,
9,675005.148437500000000,6544696.343750000000000,-328.424255371093000,,,,
9,675224.242187500000000,6544433.433593750000000,-326.580535888671000,,,,
9,675387.703125000000000,6544237.277343750000000,-325.204986572265000,,,,
9,675454.546875000000000,6544157.066406250000000,-324.481719970703000,,,,
9,675476.359375000000000,6544130.890625000000000,-324.245697021484000,,,,
9,675531.453125000000000,6544064.781250000000000,-323.649597167968000,,,,
9,675693.441406250000000,6543870.398437500000000,-322.212036132812000,,,,
9,675924.671875000000000,6543592.921875000000000,-320.160003662109000,,,,
9,675925.949218750000000,6543591.390625000000000,-320.144500732421000,,,,
9,675947.562500000000000,6543565.453125000000000,-319.881958007812000,,,,
9,676154.128906250000000,6543317.574218750000000,-317.372619628906000,,,,
9,676162.378906250000000,6543307.675781250000000,-317.278808593750000,,,,
9,676397.414062500000000,6543025.632812500000000,-314.606170654296000,,,,
9,676418.773437500000000,6543000.000000000000000,-314.363311767578000,,,,
9,667054.886718750000000,6552625.636718750000000,-304.097503662109000,,,,
9,667055.460937500000000,6552626.210937500000000,-304.099182128906000,,,,
9,667065.875000000000000,6552636.625000000000000,-304.127319335937000,,,,
9,667107.894531250000000,6552594.601562500000000,-304.270477294921000,,,,
9,667323.390625000000000,6552379.093750000000000,-304.993011474609000,,,,
9,667549.335937500000000,6552153.140625000000000,-305.750549316406000,,,,
9,667620.199218750000000,6552082.273437500000000,-306.003723144531000,,,,
9,667646.007812500000000,6552056.468750000000000,-306.095947265625000,,,,
9,667679.832031250000000,6552022.644531250000000,-306.216796875000000,,,,
9,667904.695312500000000,6551797.781250000000000,-307.063934326171000,,,,
9,668077.125000000000000,6551625.351562500000000,-307.713531494140000,,,,
9,668166.726562500000000,6551535.753906250000000,-308.079376220703000,,,,
9,668200.203125000000000,6551502.277343750000000,-308.214172363281000,,,,
9,668226.140625000000000,6551476.343750000000000,-308.318603515625000,,,,
9,668455.031250000000000,6551247.457031250000000,-309.240173339843000,,,,
9,668486.140625000000000,6551216.347656250000000,-309.372619628906000,,,,
9,668703.515625000000000,6550998.980468750000000,-310.298034667968000,,,,
9,668780.207031250000000,6550922.292968750000000,-310.698333740234000,,,,
9,668806.281250000000000,6550896.218750000000000,-310.834442138671000,,,,
9,669067.882812500000000,6550634.613281250000000,-312.199890136718000,,,,
9,669101.003906250000000,6550601.492187500000000,-312.372772216796000,,,,
9,669229.769531250000000,6550472.726562500000000,-313.073791503906000,,,,
9,669360.160156250000000,6550342.335937500000000,-313.945526123046000,,,,
9,669386.421875000000000,6550316.078125000000000,-314.121063232421000,,,,
9,669588.804687500000000,6550113.687500000000000,-315.474090576171000,,,,
9,669650.089843750000000,6550052.402343750000000,-315.860260009765000,,,,
9,669762.710937500000000,6549939.777343750000000,-316.569946289062000,,,,
9,669814.542968750000000,6549887.949218750000000,-316.911193847656000,,,,
9,669940.066406250000000,6549762.421875000000000,-317.957489013671000,,,,
9,669966.554687500000000,6549735.937500000000000,-318.178253173828000,,,,
9,670210.976562500000000,6549419.968750000000000,-320.486419677734000,,,,
9,670219.304687500000000,6549409.207031250000000,-320.562988281250000,,,,
9,670306.722656250000000,6549296.199218750000000,-321.366851806640000,,,,
9,670324.070312500000000,6549273.769531250000000,-321.569091796875000,,,,
9,670491.679687500000000,6549057.097656250000000,-323.296325683593000,,,,
9,670517.101562500000000,6549024.234375000000000,-323.558319091796000,,,,
9,670746.421875000000000,6548727.804687500000000,-325.921417236328000,,,,
9,670772.878906250000000,6548693.601562500000000,-326.192749023437000,,,,
9,670774.730468750000000,6548691.210937500000000,-326.211730957031000,,,,
9,670775.929687500000000,6548689.656250000000000,-326.222076416015000,,,,
9,671041.945312500000000,6548345.789062500000000,-328.738922119140000,,,,
9,671067.656250000000000,6548312.546875000000000,-328.982238769531000,,,,
9,671311.378906250000000,6547997.476562500000000,-331.288269042968000,,,,
9,671326.218750000000000,6547978.292968750000000,-331.396148681640000,,,,
9,671366.675781250000000,6547925.996093750000000,-331.690307617187000,,,,
9,671428.460937500000000,6547846.121093750000000,-332.059631347656000,,,,
9,671592.250000000000000,6547634.386718750000000,-333.081695556640000,,,,
9,671618.195312500000000,6547600.843750000000000,-333.243591308593000,,,,
9,671889.550781250000000,6547329.488281250000000,-334.598571777343000,,,,
9,672038.156250000000000,6547180.886718750000000,-335.340606689453000,,,,
9,672164.957031250000000,6547054.085937500000000,-335.727630615234000,,,,
9,672192.156250000000000,6547026.890625000000000,-335.810638427734000,,,,
9,672237.644531250000000,6546981.398437500000000,-335.949493408203000,,,,
9,672464.492187500000000,6546754.539062500000000,-336.358489990234000,,,,
9,672657.417968750000000,6546561.613281250000000,-336.706329345703000,,,,
9,672738.851562500000000,6546480.175781250000000,-336.745056152343000,,,,
10,670369.761718750000000,6546341.781250000000000,-337.798522949218000,,,,
10,670385.375000000000000,6546347.687500000000000,-337.787170410156000,,,,
10,670436.015625000000000,6546213.687500000000000,-338.171875000000000,,,,
10,670535.980468750000000,6545949.164062500000000,-338.079040527343000,,,,
10,670612.820312500000000,6545745.835937500000000,-338.007690429687000,,,,
10,670686.605468750000000,6545550.593750000000000,-337.798889160156000,,,,
10,670701.656250000000000,6545510.765625000000000,-337.756317138671000,,,,
10,670756.121093750000000,6545366.640625000000000,-337.602172851562000,,,,
10,670851.824218750000000,6545113.406250000000000,-336.654571533203000,,,,
10,670908.714843750000000,6544962.863281250000000,-336.091278076171000,,,,
10,670990.246093750000000,6544747.125000000000000,-335.325836181640000,,,,
10,671002.964843750000000,6544713.460937500000000,-335.239562988281000,,,,
10,671017.937500000000000,6544673.843750000000000,-335.138000488281000,,,,
10,671121.125000000000000,6544400.800781250000000,-334.438140869140000,,,,
10,671167.269531250000000,6544278.695312500000000,-333.945617675781000,,,,
10,671216.539062500000000,6544148.324218750000000,-333.419738769531000,,,,
10,671283.648437500000000,6543970.742187500000000,-333.010467529296000,,,,
10,671319.324218750000000,6543876.335937500000000,-332.732330322265000,,,,
10,671334.218750000000000,6543836.921875000000000,-332.616210937500000,,,,
10,671405.031250000000000,6543649.539062500000000,-332.064208984375000,,,,
10,671482.851562500000000,6543443.621093750000000,-331.679840087890000,,,,
10,671514.554687500000000,6543359.726562500000000,-331.523223876953000,,,,
10,671635.667968750000000,6543039.246093750000000,-330.714630126953000,,,,
10,671650.500000000000000,6543000.000000000000000,-330.615600585937000,,,,
11,667350.234375000000000,6554013.218750000000000,-304.606811523437000,,,,
11,667090.050781250000000,6554270.355468750000000,-303.892364501953000,,,,
11,667376.296875000000000,6553987.457031250000000,-304.678375244140000,,,,
11,667426.738281250000000,6553937.605468750000000,-304.816894531250000,,,,
11,667611.589843750000000,6553754.914062500000000,-305.393463134765000,,,,
11,667676.644531250000000,6553690.621093750000000,-305.587463378906000,,,,
11,667937.804687500000000,6553432.515625000000000,-306.366271972656000,,,,
11,667926.824218750000000,6553421.406250000000000,-306.341186523437000,,,,
11,665587.562500000000000,6555755.312500000000000,-300.312500000000000,,,,
11,665368.277343750000000,6555972.035156250000000,-299.898315429687000,,,,
11,665613.378906250000000,6555729.796875000000000,-300.361267089843000,,,,
11,665682.910156250000000,6555661.074218750000000,-300.492584228515000,,,,
11,665916.597656250000000,6555430.113281250000000,-300.994049072265000,,,,
11,666015.292968750000000,6555332.566406250000000,-301.205841064453000,,,,
11,666101.574218750000000,6555247.292968750000000,-301.397155761718000,,,,
11,666175.117187500000000,6555174.609375000000000,-301.577209472656000,,,,
11,666200.421875000000000,6555149.597656250000000,-301.639190673828000,,,,
11,666201.007812500000000,6555149.019531250000000,-301.640502929687000,,,,
11,666503.394531250000000,6554850.160156250000000,-302.318847656250000,,,,
11,666547.734375000000000,6554806.339843750000000,-302.418304443359000,,,,
11,666762.679687500000000,6554593.906250000000000,-303.002563476562000,,,,
11,666788.652343750000000,6554568.234375000000000,-303.073150634765000,,,,
11,666901.234375000000000,6554456.968750000000000,-303.379180908203000,,,,
11,666994.031250000000000,6554365.253906250000000,-303.628692626953000,,,,
11,665329.703125000000000,6556010.160156250000000,-299.837341308593000,,,,
11,665025.757812500000000,6556310.554687500000000,-299.357055664062000,,,,
11,664999.988281250000000,6556336.015625000000000,-299.316314697265000,,,,
13,668615.000000000000000,6543000.000000000000000,-313.625549316406000,,,,
13,668575.660156250000000,6543052.453125000000000,-313.435577392578000,,,,
13,668572.277343750000000,6543056.960937500000000,-313.419250488281000,,,,
13,668531.917968750000000,6543110.773437500000000,-313.153381347656000,,,,
13,668527.984375000000000,6543116.015625000000000,-313.127471923828000,,,,
13,668521.832031250000000,6543131.734375000000000,-313.085327148437000,,,,
13,668412.031250000000000,6543412.320312500000000,-312.747467041015000,,,,
13,668286.703125000000000,6543732.582031250000000,-312.361846923828000,,,,
13,668282.726562500000000,6543742.738281250000000,-312.326660156250000,,,,
13,668271.140625000000000,6543772.343750000000000,-312.224090576171000,,,,
13,668101.218750000000000,6543942.414062500000000,-311.356811523437000,,,,
13,668008.144531250000000,6544035.566406250000000,-311.222442626953000,,,,
13,667712.945312500000000,6544331.019531250000000,-310.796203613281000,,,,
13,667694.039062500000000,6544349.941406250000000,-310.768920898437000,,,,
13,667686.671875000000000,6544357.312500000000000,-310.768188476562000,,,,
13,667646.777343750000000,6544397.238281250000000,-310.992767333984000,,,,
13,667422.953125000000000,6544621.238281250000000,-312.481384277343000,,,,
13,667676.367187500000000,6544367.625000000000000,-310.767181396484000,,,,
13,667168.296875000000000,6544876.097656250000000,-314.175079345703000,,,,
13,667128.703125000000000,6544915.722656250000000,-314.867065429687000,,,,
13,667102.195312500000000,6544942.250000000000000,-315.330322265625000,,,,
13,667038.886718750000000,6545068.011718750000000,-317.079010009765000,,,,
13,666920.089843750000000,6545304.000000000000000,-319.171905517578000,,,,
13,666739.414062500000000,6545662.902343750000000,-322.354888916015000,,,,
13,666722.691406250000000,6545696.121093750000000,-322.624176025390000,,,,
13,666704.343750000000000,6545732.562500000000000,-322.919555664062000,,,,
13,666628.941406250000000,6545882.343750000000000,-324.133666992187000,,,,
13,666520.484375000000000,6546097.785156250000000,-323.683593750000000,,,,
13,666363.046875000000000,6546410.527343750000000,-323.030273437500000,,,,
13,666332.218750000000000,6546471.769531250000000,-322.944091796875000,,,,
13,666324.851562500000000,6546486.398437500000000,-322.877441406250000,,,,
13,666319.910156250000000,6546496.218750000000000,-322.832672119140000,,,,
13,666306.500000000000000,6546522.859375000000000,-322.618774414062000,,,,
13,666006.636718750000000,6546696.492187500000000,-320.502960205078000,,,,
13,665839.468750000000000,6546793.292968750000000,-319.323425292968000,,,,
13,665683.121093750000000,6546883.824218750000000,-318.756347656250000,,,,
13,665653.250000000000000,6546901.125000000000000,-318.647979736328000,,,,
13,665627.957031250000000,6546915.773437500000000,-318.556243896484000,,,,
13,665355.437500000000000,6547073.582031250000000,-317.295562744140000,,,,
13,665257.683593750000000,6547130.187500000000000,-316.843353271484000,,,,
13,665029.703125000000000,6547262.207031250000000,-315.967956542968000,,,,
13,665000.007812500000000,6547279.406250000000000,-315.854003906250000,,,,
14,666423.968750000000000,6548523.406250000000000,-307.944519042968000,,,,
14,666382.519531250000000,6548558.988281250000000,-307.850280761718000,,,,
14,666447.597656250000000,6548503.125000000000000,-307.998260498046000,,,,
14,666556.070312500000000,6548410.011718750000000,-308.244873046875000,,,,
14,666716.253906250000000,6548272.511718750000000,-308.399993896484000,,,,
14,666952.718750000000000,6548069.531250000000000,-308.628997802734000,,,,
14,666964.960937500000000,6548038.187500000000000,-308.708160400390000,,,,
14,665895.234375000000000,6548977.296875000000000,-306.689178466796000,,,,
14,665674.906250000000000,6549166.425781250000000,-306.069671630859000,,,,
14,665918.796875000000000,6548957.070312500000000,-306.755432128906000,,,,
14,665971.496093750000000,6548911.832031250000000,-306.903625488281000,,,,
14,666128.449218750000000,6548777.093750000000000,-307.464660644531000,,,,
14,666187.945312500000000,6548726.019531250000000,-307.554962158203000,,,,
14,665660.003906250000000,6549179.218750000000000,-306.009613037109000,,,,
14,665425.554687500000000,6549380.472656250000000,-305.064666748046000,,,,
14,665389.960937500000000,6549411.023437500000000,-304.959899902343000,,,,
14,665366.492187500000000,6549431.171875000000000,-304.890777587890000,,,,
14,665255.347656250000000,6549627.808593750000000,-304.237609863281000,,,,
14,665204.234375000000000,6549718.238281250000000,-303.798919677734000,,,,
14,665016.167968750000000,6550050.968750000000000,-302.184844970703000,,,,
14,664999.984375000000000,6550079.578125000000000,-302.046051025390000,,,,
14,670395.742187500000000,6543000.000000000000000,-323.853607177734000,,,,
14,670090.453125000000000,6543266.417968750000000,-323.077026367187000,,,,
14,670063.859375000000000,6543289.628906250000000,-323.009368896484000,,,,
14,669764.726562500000000,6543550.675781250000000,-321.778900146484000,,,,
14,669734.281250000000000,6543577.250000000000000,-321.653686523437000,,,,
14,669695.972656250000000,6543610.679687500000000,-321.496124267578000,,,,
14,669480.726562500000000,6543798.519531250000000,-320.368347167968000,,,,
14,669431.000000000000000,6543841.910156250000000,-319.969238281250000,,,,
14,669186.640625000000000,6544055.152343750000000,-318.007934570312000,,,,
14,669103.000000000000000,6544128.140625000000000,-317.567138671875000,,,,
14,669072.828125000000000,6544154.468750000000000,-317.408081054687000,,,,
14,669057.957031250000000,6544196.707031250000000,-317.499053955078000,,,,
14,668989.503906250000000,6544391.136718750000000,-318.102508544921000,,,,
14,668947.574218750000000,6544510.222656250000000,-318.246337890625000,,,,
14,668879.390625000000000,6544703.878906250000000,-318.480194091796000,,,,
14,668811.210937500000000,6544897.519531250000000,-319.844329833984000,,,,
14,668798.640625000000000,6544933.218750000000000,-320.095764160156000,,,,
14,668685.687500000000000,6545254.003906250000000,-322.355499267578000,,,,
14,668677.425781250000000,6545277.472656250000000,-322.514739990234000,,,,
14,668673.660156250000000,6545288.160156250000000,-322.617767333984000,,,,
14,668672.203125000000000,6545292.300781250000000,-322.641693115234000,,,,
14,668537.140625000000000,6545675.875000000000000,-324.858032226562000,,,,
14,668524.437500000000000,6545711.953125000000000,-325.066497802734000,,,,
14,668376.281250000000000,6545850.273437500000000,-324.227813720703000,,,,
14,668324.589843750000000,6545898.535156250000000,-323.437164306640000,,,,
14,668288.316406250000000,6545932.398437500000000,-322.389587402343000,,,,
14,668218.058593750000000,6545997.988281250000000,-320.360626220703000,,,,
14,668035.437500000000000,6546168.488281250000000,-316.966064453125000,,,,
14,668012.093750000000000,6546190.281250000000000,-316.532196044921000,,,,
14,667945.394531250000000,6546252.550781250000000,-315.292480468750000,,,,
14,667779.566406250000000,6546407.359375000000000,-315.192321777343000,,,,
14,667585.878906250000000,6546588.179687500000000,-315.075317382812000,,,,
14,667538.320312500000000,6546632.578125000000000,-315.118499755859000,,,,
14,667522.988281250000000,6546646.890625000000000,-315.031799316406000,,,,
14,667522.269531250000000,6546647.562500000000000,-315.027740478515000,,,,
14,667499.742187500000000,6546668.593750000000000,-315.028717041015000,,,,
14,667376.066406250000000,6546985.328125000000000,-313.476715087890000,,,,
14,667282.289062500000000,6547225.488281250000000,-312.299957275390000,,,,
14,667238.550781250000000,6547337.507812500000000,-311.784973144531000,,,,
14,667226.226562500000000,6547369.062500000000000,-311.639923095703000,,,,
14,667103.429687500000000,6547683.554687500000000,-310.194000244140000,,,,
14,667017.496093750000000,6547903.640625000000000,-309.182128906250000,,,,
14,667009.308593750000000,6547924.613281250000000,-309.034393310546000,,,,
14,667001.632812500000000,6547944.265625000000000,-308.945404052734000,,,,
